{
    "hal": {
        "multi_config": {
            "Name": "test",
            "Mass (Kg)": 0.699999988079071,
            "Height (m)": 0.20000000298023225,
            "Radius (m)": 0.3499999940395355,
            "Motor Thrust @ 100% (N)": 3.799999952316284,
            "Motor Z Torque @ 100% (Nm)": 0.20000000298023225,
            "Motor Acceleration (s)": 0.10000000149011612,
            "Motor Deceleration (s)": 0.11999999731779099,
            "Motors": [
                {
                    "Position": {
                        "x": 0.25999999046325686,
                        "y": 0.25999999046325686,
                        "z": 0.0
                    },
                    "Clockwise": false
                },
                {
                    "Position": {
                        "x": -0.25999999046325686,
                        "y": -0.25999999046325686,
                        "z": 0.0
                    },
                    "Clockwise": false
                },
                {
                    "Position": {
                        "x": -0.25999999046325686,
                        "y": 0.25999999046325686,
                        "z": 0.0
                    },
                    "Clockwise": true
                },
                {
                    "Position": {
                        "x": 0.25999999046325686,
                        "y": -0.25999999046325686,
                        "z": 0.0
                    },
                    "Clockwise": true
                }
            ]
        },
        "buses": {},
        "nodes": [
            {
                "name": "Multi Simulator",
                "type": "Multi Simulator",
                "init_params": {
                    "Throttle Rate (Hz)": 100,
                    "Acceleration Rate (Hz)": 1000,
                    "Angular Velocity Rate (Hz)": 1000,
                    "Magnetic Field Rate (Hz)": 100,
                    "Pressure Rate (Hz)": 100,
                    "Temperature Rate (Hz)": 10,
                    "Distance Rate (Hz)": 12,
                    "GPS Rate (Hz)": 5
                },
                "config": {
                    "Simulation Enabled": true,
                    "Drag Enabled": true,
                    "Ground Enabled": true,
                    "Gravity Enabled": true,
                    "Noise": {
                        "GPS Position SD": 2.0,
                        "GPS Velocity SD": 0.20000000298023225,
                        "GPS PACC SD": 0.5,
                        "GPS VACC SD": 0.10000000149011612,
                        "Acceleration SD": 0.009999999776482582,
                        "Angular Velocity SD": 0.009999999776482582,
                        "Magnetic Field SD": 0.10000000149011612,
                        "Pressure SD": 0.10000000149011612,
                        "Temperature SD": 0.10000000149011612,
                        "Ground Distance SD": 0.009999999776482582
                    }
                },
                "input_paths": [
                    "Motor Mixer/Throttle 0",
                    "Motor Mixer/Throttle 1",
                    "Motor Mixer/Throttle 2",
                    "Motor Mixer/Throttle 3"
                ]
            },
            {
                "name": "Motor Mixer",
                "type": "Motor Mixer",
                "init_params": {
                    "Rate (Hz)": 100
                },
                "config": {
                    "Armed Thrust": 0.0
                },
                "input_paths": [
                    "Rate Controller/Torque",
                    "Float Generator/Output"
                ]
            },
            {
                "name": "Float Generator",
                "type": "Float Generator",
                "init_params": {
                    "Rate (Hz)": 100
                },
                "config": {
                    "Value": 5.0
                },
                "input_paths": [
                    ""
                ]
            },
            {
                "name": "Oscillator",
                "type": "Oscillator",
                "init_params": {
                    "Rate (Hz)": 100,
                    "Component Count": 2
                },
                "config": {
                    "Amplitude": 3.0,
                    "Noise": 0.0,
                    "Square": true,
                    "Components": [
                        {
                            "Frequency (Hz)": 0.0,
                            "Amplitude": 1.0
                        },
                        {
                            "Frequency (Hz)": 0.0,
                            "Amplitude": 1.0
                        }
                    ]
                },
                "input_paths": []
            },
            {
                "name": "Rate Controller",
                "type": "Rate Controller",
                "init_params": {
                    "Rate (Hz)": 100
                },
                "config": {
                    "Feedback": {
                        "Weight (0-1)": 1.0,
                        "Combined XY PID": true,
                        "XY PID": {
                            "kP": 0.699999988079071,
                            "kI": 0.0,
                            "kD": 0.0,
                            "Max I": 0.0,
                            "D Filter": 0.0
                        },
                        "Z PID": {
                            "kP": 0.5,
                            "kI": 0.0,
                            "kD": 0.07000000029802323,
                            "Max I": 0.0,
                            "D Filter": 0.009999999776482582
                        }
                    },
                    "Feedforward": {
                        "Weight (0-1)": 0.0,
                        "Max Torque (N)": 0.20000000298023225
                    }
                },
                "input_paths": [
                    "Angular Velocity RS/Output",
                    "Angular Velocity Generator/Output"
                ]
            },
            {
                "name": "Angular Velocity Generator",
                "type": "Angular Velocity Generator",
                "init_params": {
                    "Rate (Hz)": 100
                },
                "config": {
                    "Value": {
                        "x": 0.0,
                        "y": 0.0,
                        "z": 0.0
                    }
                },
                "input_paths": [
                    "",
                    "",
                    ""
                ]
            },
            {
                "name": "Angular Velocity RS",
                "type": "Angular Velocity RS",
                "init_params": {
                    "Input Rate (Hz)": 1000,
                    "Rate (Hz)": 100
                },
                "config": {
                    "Poles": 1,
                    "Cutoff Frequency (Hz)": 15.0
                },
                "input_paths": [
                    "Multi Simulator/Angular Velocity"
                ]
            }
        ]
    }
}