{
    "hal": {
        "multi_config": {
            "Name": "quadcopter",
            "Mass (Kg)": 0.699999988079071,
            "Height (m)": 0.20000000298023225,
            "Radius (m)": 0.3499999940395355,
            "Motor Thrust @ 100% (N)": 3.799999952316284,
            "Motor Z Torque @ 100% (Nm)": 0.20000000298023225,
            "Motor Acceleration (s)": 0.10000000149011612,
            "Motor Deceleration (s)": 0.11999999731779099,
            "Motors": [
                {
                    "Position": {
                        "x": 0.25999999046325686,
                        "y": 0.25999999046325686,
                        "z": 0.0
                    },
                    "Clockwise": false
                },
                {
                    "Position": {
                        "x": -0.25999999046325686,
                        "y": -0.25999999046325686,
                        "z": 0.0
                    },
                    "Clockwise": false
                },
                {
                    "Position": {
                        "x": -0.25999999046325686,
                        "y": 0.25999999046325686,
                        "z": 0.0
                    },
                    "Clockwise": true
                },
                {
                    "Position": {
                        "x": 0.25999999046325686,
                        "y": -0.25999999046325686,
                        "z": 0.0
                    },
                    "Clockwise": true
                }
            ]
        },
        "buses": {},
        "nodes": [
            {
                "name": "Simulator",
                "type": "Multi Simulator",
                "init_params": {
                    "Throttle Rate (Hz)": 100,
                    "Acceleration Rate (Hz)": 1000,
                    "Angular Velocity Rate (Hz)": 1000,
                    "Magnetic Field Rate (Hz)": 100,
                    "Pressure Rate (Hz)": 100,
                    "Temperature Rate (Hz)": 10,
                    "Distance Rate (Hz)": 12,
                    "GPS Rate (Hz)": 5
                },
                "config": {
                    "Simulation Enabled": true,
                    "Drag Enabled": true,
                    "Ground Enabled": true,
                    "Gravity Enabled": true,
                    "Noise": {
                        "GPS Position SD": 4.0,
                        "GPS Velocity SD": 0.20000000298023225,
                        "GPS PACC SD": 1.0,
                        "GPS VACC SD": 0.10000000149011612,
                        "Acceleration SD": 0.029999999329447748,
                        "Angular Velocity SD": 0.029999999329447748,
                        "Magnetic Field SD": 0.20000000298023225,
                        "Pressure SD": 20.0,
                        "Temperature SD": 0.10000000149011612,
                        "Ground Distance SD": 0.009999999776482582
                    }
                },
                "input_paths": [
                    "Motor Mixer/Throttle 0",
                    "Motor Mixer/Throttle 1",
                    "Motor Mixer/Throttle 2",
                    "Motor Mixer/Throttle 3"
                ]
            },
            {
                "name": "Comp AHRS",
                "type": "Comp AHRS",
                "init_params": {
                    "Rate (Hz)": 1000
                },
                "config": {
                    "Drift Correction Factor (0-1)": 0.07999999821186066
                },
                "input_paths": [
                    "Angular Velocity LPF/Output",
                    "Acceleration LPF/Output",
                    "Magnetic Field RS/Output"
                ]
            },
            {
                "name": "Acceleration LPF",
                "type": "Acceleration LPF",
                "init_params": {
                    "Rate (Hz)": 1000
                },
                "config": {
                    "Poles": 1,
                    "Cutoff Frequency (Hz)": 15.0
                },
                "input_paths": [
                    "Simulator/Acceleration"
                ]
            },
            {
                "name": "Angular Velocity LPF",
                "type": "Angular Velocity LPF",
                "init_params": {
                    "Rate (Hz)": 1000
                },
                "config": {
                    "Poles": 1,
                    "Cutoff Frequency (Hz)": 15.0
                },
                "input_paths": [
                    "Simulator/Angular Velocity"
                ]
            },
            {
                "name": "Magnetic Field RS",
                "type": "Magnetic Field RS",
                "init_params": {
                    "Input Rate (Hz)": 100,
                    "Rate (Hz)": 1000
                },
                "config": {
                    "Poles": 1,
                    "Cutoff Frequency (Hz)": 15.0
                },
                "input_paths": [
                    "Simulator/Magnetic Field"
                ]
            },
            {
                "name": "Gravity Filter",
                "type": "Gravity Filter",
                "init_params": {
                    "Rate (Hz)": 100
                },
                "config": {},
                "input_paths": [
                    "Frame RS/Output",
                    "Acceleration RS/Output"
                ]
            },
            {
                "name": "Frame RS",
                "type": "Frame RS",
                "init_params": {
                    "Input Rate (Hz)": 1000,
                    "Rate (Hz)": 100
                },
                "config": {
                    "Poles": 1,
                    "Cutoff Frequency (Hz)": 49.0
                },
                "input_paths": [
                    "Comp AHRS/Frame"
                ]
            },
            {
                "name": "Acceleration RS",
                "type": "Acceleration RS",
                "init_params": {
                    "Input Rate (Hz)": 1000,
                    "Rate (Hz)": 100
                },
                "config": {
                    "Poles": 1,
                    "Cutoff Frequency (Hz)": 49.0
                },
                "input_paths": [
                    "Acceleration LPF/Output"
                ]
            },
            {
                "name": "Rate Controller",
                "type": "Rate Controller",
                "init_params": {
                    "Rate (Hz)": 100
                },
                "config": {
                    "Feedback": {
                        "Weight (0-1)": 1.0,
                        "Combined XY PID": true,
                        "XY PID": {
                            "kP": 0.30000001192092898,
                            "kI": 0.0,
                            "kD": 0.0,
                            "Max I": 0.0,
                            "D Filter": 0.009999999776482582
                        },
                        "Z PID": {
                            "kP": 0.30000001192092898,
                            "kI": 0.0,
                            "kD": 0.009999999776482582,
                            "Max I": 0.0,
                            "D Filter": 0.009999999776482582
                        }
                    },
                    "Feedforward": {
                        "Weight (0-1)": 0.0,
                        "Max Torque (N)": 0.009999999776482582
                    }
                },
                "input_paths": [
                    "Angular Velocity RS/Output",
                    "Multi Brain/Rate"
                ]
            },
            {
                "name": "Angular Velocity RS",
                "type": "Angular Velocity RS",
                "init_params": {
                    "Input Rate (Hz)": 1000,
                    "Rate (Hz)": 100
                },