{
    "hal": {
        "multi_config": {
            "Name": "silkopter sim",
            "Mass (Kg)": 0.699999988079071,
            "Height (m)": 0.10000000149011612,
            "Radius (m)": 0.30000001192092898,
            "Motor Thrust @ 100% (N)": 3.799999952316284,
            "Motor Z Torque @ 100% (Nm)": 0.10000000149011612,
            "Motor Acceleration (s)": 0.07000000029802323,
            "Motor Deceleration (s)": 0.10000000149011612,
            "Motors": [
                {
                    "Position": {
                        "x": -0.25999999046325686,
                        "y": -0.25999999046325686,
                        "z": 0.0
                    },
                    "Clockwise": false
                },
                {
                    "Position": {
                        "x": 0.25999999046325686,
                        "y": -0.25999999046325686,
                        "z": 0.0
                    },
                    "Clockwise": true
                },
                {
                    "Position": {
                        "x": 0.25999999046325686,
                        "y": 0.25999999046325686,
                        "z": 0.0
                    },
                    "Clockwise": false
                },
                {
                    "Position": {
                        "x": -0.25999999046325686,
                        "y": 0.25999999046325686,
                        "z": 0.0
                    },
                    "Clockwise": true
                }
            ]
        },
        "buses": {},
        "nodes": [
            {
                "name": "Multi Simulator",
                "type": "Multi Simulator",
                "init_params": {
                    "Throttle Rate (Hz)": 100,
                    "Acceleration Rate (Hz)": 1000,
                    "Angular Velocity Rate (Hz)": 1000,
                    "Magnetic Field Rate (Hz)": 100,
                    "Pressure Rate (Hz)": 100,
                    "Temperature Rate (Hz)": 10,
                    "Distance Rate (Hz)": 10,
                    "GPS Rate (Hz)": 5
                },
                "config": {
                    "Simulation Enabled": true,
                    "Drag Enabled": true,
                    "Ground Enabled": true,
                    "Gravity Enabled": true,
                    "Noise": {
                        "GPS Position SD": 1.0,
                        "GPS Velocity SD": 0.009999999776482582,
                        "GPS PACC SD": 1.0,
                        "GPS VACC SD": 0.10000000149011612,
                        "Acceleration SD": 0.20000000298023225,
                        "Angular Velocity SD": 0.05000000074505806,
                        "Magnetic Field SD": 0.10000000149011612,
                        "Pressure SD": 0.10000000149011612,
                        "Temperature SD": 0.10000000149011612,
                        "Ground Distance SD": 0.0010000000474974514
                    }
                },
                "input_paths": [
                    "Motor Mixer/Throttle 0",
                    "Motor Mixer/Throttle 1",
                    "Motor Mixer/Throttle 2",
                    "Motor Mixer/Throttle 3"
                ]
            },
            {
                "name": "Magnetic Field RS",
                "type": "Magnetic Field RS",
                "init_params": {
                    "Input Rate (Hz)": 100,
                    "Rate (Hz)": 1000
                },
                "config": {
                    "Poles": 1,
                    "Cutoff Frequency (Hz)": 30.0
                },
                "input_paths": [
                    "Multi Simulator/Magnetic Field"
                ]
            },
            {
                "name": "Position RS (ECEF)",
                "type": "Position RS (ECEF)",
                "init_params": {
                    "Input Rate (Hz)": 5,
                    "Rate (Hz)": 100
                },
                "config": {
                    "Poles": 1,
                    "Cutoff Frequency (Hz)": 2.5
                },
                "input_paths": [
                    "Multi Simulator/GPS Position (ecef)"
                ]
            },
            {
                "name": "Velocity RS (ECEF)",
                "type": "Velocity RS (ECEF)",
                "init_params": {
                    "Input Rate (Hz)": 5,
                    "Rate (Hz)": 100
                },
                "config": {
                    "Poles": 1,
                    "Cutoff Frequency (Hz)": 2.5
                },
                "input_paths": [
                    "Multi Simulator/GPS Velocity (ecef)"
                ]
            },
            {
                "name": "Distance RS",
                "type": "Distance RS",
                "init_params": {
                    "Input Rate (Hz)": 10,
                    "Rate (Hz)": 100
                },
                "config": {
                    "Poles": 1,
                    "Cutoff Frequency (Hz)": 5.0
                },
                "input_paths": [
                    "Multi Simulator/Sonar Distance"
                ]
            },
            {
                "name": "Acceleration LPF",
                "type": "Acceleration LPF",
                "init_params": {
                    "Rate (Hz)": 1000
                },
                "config": {
                    "Poles": 1,
                    "Cutoff Frequency (Hz)": 20.0
                },
                "input_paths": [
                    "Multi Simulator/Acceleration"
                ]
            },
            {
                "name": "Angular Velocity LPF",
                "type": "Angular Velocity LPF",
                "init_params": {
                    "Rate (Hz)": 1000
                },
                "config": {
                    "Poles": 1,
                    "Cutoff Frequency (Hz)": 20.0
                },
                "input_paths": [
                    "Multi Simulator/Angular Velocity"
                ]
            },
            {
                "name": "Pressure LPF",
                "type": "Pressure LPF",
                "init_params": {
                    "Rate (Hz)": 100
                },
                "config": {
                    "Poles": 1,
                    "Cutoff Frequency (Hz)": 5.0
                },
                "input_paths": [
                    "Multi Simulator/Pressure"
                ]
            },
            {
                "name": "Comp AHRS",
                "type": "Comp AHRS",
                "init_params": {
                    "Rate (Hz)": 1000
                },
                "config": {
                    "Drift Correction Factor (0-1)": 0.10000000149011612
                },
                "input_paths": [
                    "Angular Velocity LPF/Output",
                    "Acceleration LPF/Output",
                    "Magnetic Field RS/Output"
                ]
            },
            {
                "name": "EKF ECEF",
                "type": "EKF ECEF",
                "init_params": {
                    "Rate (Hz)": 100
                },
                "config": {
                    "Position Lag (s)": 0.0,
                    "Position Accuracy (CEP m)": 1.0,
                    "Velocity Lag (s)": 0.0,
                    "Velocity Accuracy (m/s)": 0.10000000149011612,
                    "Acceleration Lag (s)": 0.20000000298023225,
                    "Acceleration Accuracy (m/s^2)": 0.5,
                    "Pressure Altitude Lag (s)": 0.05000000074505806,
                    "Pressure Altitude Accuracy (m)": 0.30000001192092898
                },