{
    "hal": {
        "multi_config": {
            "Name": "silkopter",
            "Mass (Kg)": 0.699999988079071,
            "Height (m)": 0.10000000149011612,
            "Radius (m)": 0.30000001192092898,
            "Motor Thrust @ 100% (N)": 5.0,
            "Motor Z Torque @ 100% (Nm)": 0.10000000149011612,
            "Motor Acceleration (s)": 0.10000000149011612,
            "Motor Deceleration (s)": 0.20000000298023225,
            "Motors": [
                {
                    "Position": {
                        "x": -0.25999999046325686,
                        "y": -0.25999999046325686,
                        "z": 0.0
                    },
                    "Clockwise": false
                },
                {
                    "Position": {
                        "x": 0.25999999046325686,
                        "y": -0.25999999046325686,
                        "z": 0.0
                    },
                    "Clockwise": true
                },
                {
                    "Position": {
                        "x": 0.25999999046325686,
                        "y": 0.25999999046325686,
                        "z": 0.0
                    },
                    "Clockwise": false
                },
                {
                    "Position": {
                        "x": -0.25999999046325686,
                        "y": 0.25999999046325686,
                        "z": 0.0
                    },
                    "Clockwise": true
                }
            ]
        },
        "buses": {},
        "nodes": {
            "Multi Simulator": {
                "type": "Multi Simulator",
                "init_params": {
                    "Throttle Rate (Hz)": 100,
                    "Acceleration Rate (Hz)": 1000,
                    "Angular Velocity Rate (Hz)": 1000,
                    "Magnetic Field Rate (Hz)": 100,
                    "Pressure Rate (Hz)": 100,
                    "Temperature Rate (Hz)": 10,
                    "Distance Rate (Hz)": 10,
                    "GPS Rate (Hz)": 5
                },
                "config": {
                    "Simulation Enabled": true,
                    "Drag Enabled": true,
                    "Ground Enabled": true,
                    "Gravity Enabled": true
                },
                "input_paths": [
                    "Motor Mixer/Throttle 0",
                    "Motor Mixer/Throttle 1",
                    "Motor Mixer/Throttle 2",
                    "Motor Mixer/Throttle 3"
                ]
            },
            "Multi Brain": {
                "type": "Multi Brain",
                "init_params": {
                    "Rate (Hz)": 100,
                    "State Rate (Hz)": 20
                },
                "config": {
                    "Horizontal Angle": {
                        "Max Speed (deg/s)": 180.0,
                        "Combined PIDs": true,
                        "PIDs": {
                            "kP": 4.0,
                            "kI": 0.0,
                            "kD": 0.0,
                            "Max I": 0.0,
                            "D Filter": 0.0
                        },
                        "X PID": {
                            "kP": 0.0,
                            "kI": 0.0,
                            "kD": 0.0,
                            "Max I": 0.0,
                            "D Filter": 0.0
                        },
                        "Y PID": {
                            "kP": 0.0,
                            "kI": 0.0,
                            "kD": 0.0,
                            "Max I": 0.0,
                            "D Filter": 0.0
                        }
                    }
                },
                "input_paths": [
                    "Multi Input/Output",
                    "Frame RS/Output",
                    "Comp ECEF Position/Position"
                ]
            },
            "Multi Pilot": {
                "type": "Multi Pilot",
                "init_params": {
                    "Rate (Hz)": 20
                },
                "config": {},
                "input_paths": [
                    "Multi Brain/State"
                ]
            },
            "Angular Velocity RS": {
                "type": "Angular Velocity RS",
                "init_params": {
                    "Input Rate (Hz)": 1000,
                    "Rate (Hz)": 100
                },
                "config": {
                    "Poles": 1,
                    "Cutoff Frequency (Hz)": 50.0
                },
                "input_paths": [
                    "Multi Simulator/Angular Velocity"
                ]
            },
            "Comp AHRS": {
                "type": "Comp AHRS",
                "init_params": {
                    "Rate (Hz)": 1000
                },
                "config": {},
                "input_paths": [
                    "Multi Simulator/Angular Velocity",
                    "Multi Simulator/Acceleration",
                    "Magnetic Field RS/Output"
                ]
            },
            "Magnetic Field RS": {
                "type": "Magnetic Field RS",
                "init_params": {
                    "Input Rate (Hz)": 100,
                    "Rate (Hz)": 1000
                },
                "config": {
                    "Poles": 1,
                    "Cutoff Frequency (Hz)": 50.0
                },
                "input_paths": [
                    "Multi Simulator/Magnetic Field"
                ]
            },
            "Frame RS": {
                "type": "Frame RS",
                "init_params": {
                    "Input Rate (Hz)": 1000,
                    "Rate (Hz)": 100
                },
                "config": {
                    "Poles": 1,
                    "Cutoff Frequency (Hz)": 50.0
                },
                "input_paths": [
                    "Comp AHRS/Frame"
                ]
            },
            "Multi Input": {
                "type": "Multi Input",
                "init_params": {
                    "Input Rate (Hz)": 20,
                    "Rate (Hz)": 100
                },
                "config": {
                    "Poles": 1,
                    "Cutoff Frequency (Hz)": 10.0
                },
                "input_paths": [
                    "Multi Pilot/Input"
                ]
            },
            "Motor Mixer": {
                "type": "Motor Mixer",
                "init_params": {
                    "Rate (Hz)": 100
                },
                "config": {
                    "Armed Throttle": 0.0
                },
                "input_paths": [
                    "Rate Controller/Torque",
                    "Multi Brain/Thrust"
                ]
            },
            "Rate Controller": {
                "type": "Rate Controller",
                "init_params": {
                    "Rate (Hz)": 100
                },
                "config": {
                    "Feedback": {
                        "Weight (0-1)": 1.0,
                        "Combined XY PID": true,
                        "XY PID": {
                            "kP": 1.0,
                            "kI": 0.5,
                            "kD": 0.0,
                            "Max I": 1.0,
                            "D Filter": 0.0
                        },
                        "Z PID": {
                            "kP": 1.5,
                            "kI": 0.5,
                            "kD": 0.0,
                            "Max I": 0.5,
                            "D Filter": 0.0
                        }
                    },
                    "Feedforward": {
                        "Weight (0-1)": 0.0,
                        "Max Torque (N)": 1.5
                    }
                },