{
    "hal": {
        "multi_config": {
            "Name": "silkopter",
            "Mass (Kg)": 0.699999988079071,
            "Height (m)": 0.10000000149011612,
            "Radius (m)": 0.30000001192092898,
            "Motor Thrust @ 100% (N)": 5.0,
            "Motor Z Torque @ 100% (Nm)": 0.10000000149011612,
            "Motor Acceleration (s)": 0.10000000149011612,
            "Motor Deceleration (s)": 0.20000000298023225,
            "Motors": [
                {
                    "Position": {
                        "x": -0.25999999046325686,
                        "y": -0.25999999046325686,
                        "z": 0.0
                    },
                    "Clockwise": false
                },
                {
                    "Position": {
                        "x": 0.25999999046325686,
                        "y": -0.25999999046325686,
                        "z": 0.0
                    },
                    "Clockwise": true
                },
                {
                    "Position": {
                        "x": 0.25999999046325686,
                        "y": 0.25999999046325686,
                        "z": 0.0
                    },
                    "Clockwise": false
                },
                {
                    "Position": {
                        "x": -0.25999999046325686,
                        "y": 0.25999999046325686,
                        "z": 0.0
                    },
                    "Clockwise": true
                }
            ]
        },
        "buses": {},
        "nodes": {
            "ADC Ammeter": {
                "type": "ADC Ammeter",
                "init_params": {
                    "Rate (Hz)": 100
                },
                "config": {},
                "input_paths": [
                    ""
                ]
            },
            "Acceleration (Local->ENU)": {
                "type": "Acceleration (Local->ENU)",
                "init_params": {
                    "Rate (Hz)": 100
                },
                "config": {},
                "input_paths": [
                    "",
                    ""
                ]
            },
            "Rate Controller": {
                "type": "Rate Controller",
                "init_params": {
                    "Rate (Hz)": 100
                },
                "config": {
                    "Feedback": {
                        "Weight (0-1)": 0.0,
                        "Combined XY PID": true,
                        "XY PID": {
                            "kP": 0.0,
                            "kI": 0.0,
                            "kD": 0.0,
                            "Max I": 0.0,
                            "D Filter": 0.0
                        },
                        "Z PID": {
                            "kP": 0.0,
                            "kI": 0.0,
                            "kD": 0.0,
                            "Max I": 0.0,
                            "D Filter": 0.0
                        }
                    },
                    "Feedforward": {
                        "Weight (0-1)": 1.0,
                        "Max Torque (N)": 0.0
                    }
                },
                "input_paths": [
                    "",
                    ""
                ]
            },
            "Gravity Filter": {
                "type": "Gravity Filter",
                "init_params": {
                    "Rate (Hz)": 44
                },
                "config": {},
                "input_paths": [
                    "",
                    ""
                ]
            },
            "Comms Source": {
                "type": "Comms Source",
                "init_params": {},
                "config": {},
                "input_paths": []
            },
            "Oscillator": {
                "type": "Oscillator",
                "init_params": {
                    "Rate (Hz)": 20000,
                    "Component Count": 1
                },
                "config": {
                    "Amplitude": 1.0,
                    "Noise": 0.0,
                    "Square": false,
                    "Components": [
                        {
                            "Frequency (Hz)": 1.0,
                            "Amplitude": 1.0
                        }
                    ]
                },
                "input_paths": []
            },
            "Oscillator 0": {
                "type": "Oscillator",
                "init_params": {
                    "Rate (Hz)": 10000,
                    "Component Count": 1
                },
                "config": {
                    "Amplitude": 1.0,
                    "Noise": 0.0,
                    "Square": false,
                    "Components": [
                        {
                            "Frequency (Hz)": 3.0,
                            "Amplitude": 1.0
                        }
                    ]
                },
                "input_paths": []
            },
            "Multi Simulator": {
                "type": "Multi Simulator",
                "init_params": {
                    "Throttle Rate (Hz)": 100,
                    "Acceleration Rate (Hz)": 1000,
                    "Angular Velocity Rate (Hz)": 1000,
                    "Magnetic Field Rate (Hz)": 100,
                    "Pressure Rate (Hz)": 100,
                    "Temperature Rate (Hz)": 10,
                    "Distance Rate (Hz)": 12,
                    "GPS Rate (Hz)": 5
                },
                "config": {
                    "Simulation Enabled": true,
                    "Drag Enabled": true,
                    "Ground Enabled": true,
                    "Gravity Enabled": true
                },
                "input_paths": [
                    "",
                    "",
                    "",
                    ""
                ]
            }
        }
    }
}