{
	"config":{
		"type":"::silk::Multirotor_Config",
		"value":{
			"name":"",
			"mass":0.000000,
			"moment_of_inertia":0.000000,
			"radius":1.000000,
			"height":1.000000,
			"motor_z_torque":0.000000,
			"motor_thrust":1.000000,
			"motor_acceleration":10.000000,
			"motor_deceleration":10.000000,
			"motors":[
				{
					"position":{
						"x":0.260000,
						"y":0.260000,
						"z":0.000000,
					},
					"thrust_vector":{
						"x":0.000000,
						"y":0.000000,
						"z":1.000000,
					},
					"clockwise":false,
				},
				{
					"position":{
						"x":0.260000,
						"y":0.260000,
						"z":0.000000,
					},
					"thrust_vector":{
						"x":0.000000,
						"y":0.000000,
						"z":1.000000,
					},
					"clockwise":false,
				},
				{
					"position":{
						"x":0.260000,
						"y":0.260000,
						"z":0.000000,
					},
					"thrust_vector":{
						"x":0.000000,
						"y":0.000000,
						"z":1.000000,
					},
					"clockwise":true,
				},
				{
					"position":{
						"x":0.260000,
						"y":0.260000,
						"z":0.000000,
					},
					"thrust_vector":{
						"x":0.000000,
						"y":0.000000,
						"z":1.000000,
					},
					"clockwise":true,
				},
			],
		},
	},
	"buses":[
	],
	"nodes":[
	],
}