{
    "hal": {
        "multi_config": {
            "Name": "quadcopter",
            "Mass (Kg)": 0.699999988079071,
            "Height (m)": 0.20000000298023225,
            "Radius (m)": 0.3499999940395355,
            "Motor Thrust @ 100% (N)": 3.799999952316284,
            "Motor Z Torque @ 100% (Nm)": 0.20000000298023225,
            "Motor Acceleration (s)": 0.10000000149011612,
            "Motor Deceleration (s)": 0.11999999731779099,
            "Motors": [
                {
                    "Position": {
                        "x": 0.25999999046325686,
                        "y": 0.25999999046325686,
                        "z": 0.0
                    },
                    "Clockwise": false
                },
                {
                    "Position": {
                        "x": -0.25999999046325686,
                        "y": -0.25999999046325686,
                        "z": 0.0
                    },
                    "Clockwise": false
                },
                {
                    "Position": {
                        "x": -0.25999999046325686,
                        "y": 0.25999999046325686,
                        "z": 0.0
                    },
                    "Clockwise": true
                },
                {
                    "Position": {
                        "x": 0.25999999046325686,
                        "y": -0.25999999046325686,
                        "z": 0.0
                    },
                    "Clockwise": true
                }
            ]
        },
        "buses": {},
        "nodes": [
            {
                "name": "Simulator",
                "type": "Multi Simulator",
                "init_params": {
                    "Throttle Rate (Hz)": 100,
                    "Acceleration Rate (Hz)": 1000,
                    "Angular Velocity Rate (Hz)": 1000,
                    "Magnetic Field Rate (Hz)": 100,
                    "Pressure Rate (Hz)": 100,
                    "Temperature Rate (Hz)": 10,
                    "Distance Rate (Hz)": 12,
                    "GPS Rate (Hz)": 5
                },
                "config": {
                    "Simulation Enabled": true,
                    "Drag Enabled": true,
                    "Ground Enabled": true,
                    "Gravity Enabled": true,
                    "Noise": {
                        "GPS Position SD": 2.0,
                        "GPS Velocity SD": 0.20000000298023225,
                        "GPS PACC SD": 0.5,
                        "GPS VACC SD": 0.10000000149011612,
                        "Acceleration SD": 0.009999999776482582,
                        "Angular Velocity SD": 0.009999999776482582,
                        "Magnetic Field SD": 0.10000000149011612,
                        "Pressure SD": 0.10000000149011612,
                        "Temperature SD": 0.10000000149011612,
                        "Ground Distance SD": 0.009999999776482582
                    }
                },
                "input_paths": [
                    "",
                    "",
                    "",
                    ""
                ]
            }
        ]
    }
}