{
    "hal": {
        "multi_config": {
            "Name": "silkopter",
            "Mass (Kg)": 0.699999988079071,
            "Height (m)": 0.10000000149011612,
            "Radius (m)": 0.30000001192092898,
            "Motor Thrust @ 100% (N)": 5.0,
            "Motor Z Torque @ 100% (Nm)": 0.10000000149011612,
            "Motor Acceleration (s)": 0.10000000149011612,
            "Motor Deceleration (s)": 0.20000000298023225,
            "Motors": [
                {
                    "Position": {
                        "x": -0.25999999046325686,
                        "y": -0.25999999046325686,
                        "z": 0.0
                    },
                    "Clockwise": false
                },
                {
                    "Position": {
                        "x": 0.25999999046325686,
                        "y": -0.25999999046325686,
                        "z": 0.0
                    },
                    "Clockwise": true
                },
                {
                    "Position": {
                        "x": 0.25999999046325686,
                        "y": 0.25999999046325686,
                        "z": 0.0
                    },
                    "Clockwise": false
                },
                {
                    "Position": {
                        "x": -0.25999999046325686,
                        "y": 0.25999999046325686,
                        "z": 0.0
                    },
                    "Clockwise": true
                }
            ]
        },
        "buses": {},
        "nodes": {
            "Multi Simulator": {
                "type": "Multi Simulator",
                "init_params": {
                    "Throttle Rate (Hz)": 100,
                    "Acceleration Rate (Hz)": 1000,
                    "Angular Velocity Rate (Hz)": 1000,
                    "Magnetic Field Rate (Hz)": 100,
                    "Pressure Rate (Hz)": 100,
                    "Temperature Rate (Hz)": 10,
                    "Distance Rate (Hz)": 12,
                    "GPS Rate (Hz)": 5
                },
                "config": {
                    "Simulation Enabled": true,
                    "Drag Enabled": false,
                    "Ground Enabled": true,
                    "Gravity Enabled": true
                },
                "input_paths": [
                    "Throttle Generator/Output",
                    "Throttle Generator/Output",
                    "Throttle Generator/Output",
                    "Throttle Generator/Output"
                ]
            },
            "Throttle Generator": {
                "type": "Throttle Generator",
                "init_params": {
                    "Rate (Hz)": 100
                },
                "config": {
                    "Value": 0.699999988079071
                },
                "input_paths": [
                    ""
                ]
            }
        }
    }
}