{
    "hal": {
        "multi_config": {
            "Name": "silkopter sim",
            "Mass (Kg)": 0.699999988079071,
            "Height (m)": 0.10000000149011612,
            "Radius (m)": 0.30000001192092898,
            "Motor Thrust @ 100% (N)": 3.799999952316284,
            "Motor Z Torque @ 100% (Nm)": 0.10000000149011612,
            "Motor Acceleration (s)": 0.20000000298023225,
            "Motor Deceleration (s)": 0.30000001192092898,
            "Motors": [
                {
                    "Position": {
                        "x": -0.25999999046325686,
                        "y": -0.25999999046325686,
                        "z": 0.0
                    },
                    "Clockwise": false
                },
                {
                    "Position": {
                        "x": 0.25999999046325686,
                        "y": -0.25999999046325686,
                        "z": 0.0
                    },
                    "Clockwise": true
                },
                {
                    "Position": {
                        "x": 0.25999999046325686,
                        "y": 0.25999999046325686,
                        "z": 0.0
                    },
                    "Clockwise": false
                },
                {
                    "Position": {
                        "x": -0.25999999046325686,
                        "y": 0.25999999046325686,
                        "z": 0.0
                    },
                    "Clockwise": true
                }
            ]
        },
        "buses": {},
        "nodes": {
            "Multi Simulator": {
                "type": "Multi Simulator",
                "init_params": {
                    "Throttle Rate (Hz)": 100,
                    "Acceleration Rate (Hz)": 1000,
                    "Angular Velocity Rate (Hz)": 1000,
                    "Magnetic Field Rate (Hz)": 100,
                    "Pressure Rate (Hz)": 100,
                    "Temperature Rate (Hz)": 10,
                    "Distance Rate (Hz)": 10,
                    "GPS Rate (Hz)": 5
                },
                "config": {
                    "Simulation Enabled": true,
                    "Drag Enabled": true,
                    "Ground Enabled": false,
                    "Gravity Enabled": true
                },
                "input_paths": [
                    "Motor Mixer/Throttle 0",
                    "Motor Mixer/Throttle 1",
                    "Motor Mixer/Throttle 2",
                    "Motor Mixer/Throttle 3"
                ]
            },
            "Angular Velocity RS": {
                "type": "Angular Velocity RS",
                "init_params": {
                    "Input Rate (Hz)": 1000,
                    "Rate (Hz)": 100
                },
                "config": {
                    "Poles": 1,
                    "Cutoff Frequency (Hz)": 50.0
                },
                "input_paths": [
                    "Multi Simulator/Angular Velocity"
                ]
            },
            "Comp AHRS": {
                "type": "Comp AHRS",
                "init_params": {
                    "Rate (Hz)": 1000
                },
                "config": {},
                "input_paths": [
                    "Multi Simulator/Angular Velocity",
                    "Multi Simulator/Acceleration",
                    "Magnetic Field RS/Output"
                ]
            },
            "Magnetic Field RS": {
                "type": "Magnetic Field RS",
                "init_params": {
                    "Input Rate (Hz)": 100,
                    "Rate (Hz)": 1000
                },
                "config": {
                    "Poles": 1,
                    "Cutoff Frequency (Hz)": 50.0
                },
                "input_paths": [
                    "Multi Simulator/Magnetic Field"
                ]
            },
            "Frame RS": {
                "type": "Frame RS",
                "init_params": {
                    "Input Rate (Hz)": 1000,
                    "Rate (Hz)": 100
                },
                "config": {
                    "Poles": 1,
                    "Cutoff Frequency (Hz)": 50.0
                },
                "input_paths": [
                    "Comp AHRS/Frame"
                ]
            },
            "Motor Mixer": {
                "type": "Motor Mixer",
                "init_params": {
                    "Rate (Hz)": 100
                },
                "config": {
                    "Armed Thrust": 0.20000000298023225
                },
                "input_paths": [
                    "Rate Controller/Torque",
                    "Multi Brain/Thrust"
                ]
            },
            "Rate Controller": {
                "type": "Rate Controller",
                "init_params": {
                    "Rate (Hz)": 100
                },
                "config": {
                    "Feedback": {
                        "Weight (0-1)": 1.0,
                        "Combined XY PID": true,
                        "XY PID": {
                            "kP": 0.3499999940395355,
                            "kI": 0.0,
                            "kD": 0.029999999329447748,
                            "Max I": 0.05000000074505806,
                            "D Filter": 0.0
                        },
                        "Z PID": {
                            "kP": 0.4000000059604645,
                            "kI": 0.03999999910593033,
                            "kD": 0.004000000189989805,
                            "Max I": 0.03999999910593033,
                            "D Filter": 0.0
                        }
                    },
                    "Feedforward": {
                        "Weight (0-1)": 0.0,
                        "Max Torque (N)": 0.8999999761581421
                    }
                },
                "input_paths": [
                    "Angular Velocity RS/Output",
                    "Multi Brain/Rate"
                ]
            },
            "Position RS (ECEF)": {
                "type": "Position RS (ECEF)",
                "init_params": {
                    "Input Rate (Hz)": 5,
                    "Rate (Hz)": 100
                },
                "config": {
                    "Poles": 1,
                    "Cutoff Frequency (Hz)": 2.5
                },
                "input_paths": [
                    "Multi Simulator/GPS Position (ecef)"
                ]
            },
            "Linear Acceleration (Local->ENU)": {
                "type": "Linear Acceleration (Local->ENU)",
                "init_params": {
                    "Rate (Hz)": 100
                },
                "config": {},
                "input_paths": [
                    "Gravity Filter/Linear Acceleration",
                    "Frame RS/Output"
                ]
            },
            "Gravity Filter": {
                "type": "Gravity Filter",
                "init_params": {
                    "Rate (Hz)": 100
                },
                "config": {},
                "input_paths": [
                    "Frame RS/Output",
                    "Acceleration RS/Output"
                ]
            },
            "Acceleration RS": {
                "type": "Acceleration RS",
                "init_params": {
                    "Input Rate (Hz)": 1000,
                    "Rate (Hz)": 100
                },
                "config": {
                    "Poles": 1,
                    "Cutoff Frequency (Hz)": 50.0
                },
                "input_paths": [
                    "Multi Simulator/Acceleration"
                ]
            },
            "Velocity RS (ECEF)": {
                "type": "Velocity RS (ECEF)",
                "init_params": {
                    "Input Rate (Hz)": 5,
                    "Rate (Hz)": 100
                },